Model,Accuracy,Precision,Recall,F1_Score,ROC_AUC,Training_Time
Logistic_Regression,0.7827450980392157,0.9721358543417367,0.7827450980392157,0.8626630173955424,0.7213319450750756,0.10925960540771484
Random_Forest,0.9796078431372549,0.9664446192849024,0.9796078431372549,0.9725460149713782,0.811109458422709,0.6077563762664795
Decision_Tree,0.908235294117647,0.9730578753204736,0.908235294117647,0.9371921556290288,0.63676235732515,0.3253326416015625
Naive_Bayes,0.06823529411764706,0.9677335380709394,0.06823529411764706,0.09795402924316916,0.5911768620144358,0.04925656318664551
KNN,0.9181699346405229,0.9652374727668845,0.9181699346405229,0.9408133499665181,0.4929641140459377,0.39096736907958984
